                  epoch,         train/box_loss,         train/cls_loss,         train/dfl_loss,   metrics/precision(B),      metrics/recall(B),       metrics/mAP50(B),    metrics/mAP50-95(B),           val/box_loss,           val/cls_loss,           val/dfl_loss,                 lr/pg0,                 lr/pg1,                 lr/pg2
                      1,                 2.2813,                 8.5307,                  2.454,                0.00139,                0.83333,                0.08075,                0.03487,                 1.6953,                 5.1281,                 2.1519,                 0.0001,                 0.0001,                 0.0001
                      2,                 2.2296,                 9.5865,                 2.2852,                0.00139,                0.83333,                0.07487,                 0.0229,                 1.6545,                 5.0444,                 2.0929,             0.00021564,             0.00021564,             0.00021564
                      3,                 2.1442,                 6.5571,                 2.8523,                0.00139,                0.83333,                0.45795,                0.19395,                 1.5059,                 6.4432,                 1.9115,             0.00032654,             0.00032654,             0.00032654
                      4,                  3.024,                 8.6335,                 3.4449,                0.00139,                0.83333,                0.45795,                0.19395,                 1.5059,                 6.4432,                 1.9115,             0.00043268,             0.00043268,             0.00043268
                      5,                 1.5887,                 8.7339,                 1.5995,                0.00139,                0.83333,                0.45959,                0.24141,                 1.5466,                 5.9682,                 1.8378,             0.00053406,             0.00053406,             0.00053406
                      6,                 2.3856,                 9.0797,                 2.3597,                0.00139,                0.83333,                0.45959,                0.24141,                 1.5466,                 5.9682,                 1.8378,              0.0006307,              0.0006307,              0.0006307
